{
    "overall": {
        "accuracy": 0.58,
        "f1_score": 0.5769432596970927,
        "precision": 0.595800228466762,
        "recall": 0.58
    },
    "audio": {
        "accuracy": 0.8377777777777777,
        "f1_score": 0.8378449761945975,
        "precision": 0.8397534650399537,
        "recall": 0.8377777777777777
    },
    "image": {
        "accuracy": 0.3377777777777778,
        "f1_score": 0.34536978174857863,
        "precision": 0.3855346193271829,
        "recall": 0.3377777777777778
    },
    "total_time": 712.3895874023438
}