{
    "overall": {
        "accuracy": 0.6766666666666666,
        "f1_score": 0.6742296793402838,
        "precision": 0.6898029305033181,
        "recall": 0.6766666666666666
    },
    "audio": {
        "accuracy": 0.84,
        "f1_score": 0.8400057952972403,
        "precision": 0.8414852173631887,
        "recall": 0.84
    },
    "image": {
        "accuracy": 0.5266666666666666,
        "f1_score": 0.5307191905637559,
        "precision": 0.5712372114086944,
        "recall": 0.5266666666666666
    }
}