{
    "overall": {
        "accuracy": 0.5866666666666667,
        "f1_score": 0.5846928055911358,
        "precision": 0.6056021326845401,
        "recall": 0.5866666666666667
    },
    "audio": {
        "accuracy": 0.84,
        "f1_score": 0.8402573004850044,
        "precision": 0.842863085951747,
        "recall": 0.84
    },
    "image": {
        "accuracy": 0.31777777777777777,
        "f1_score": 0.3315708348612639,
        "precision": 0.37168403774649844,
        "recall": 0.31777777777777777
    },
    "total_time": 443.0276679992676
}