{
    "overall": {
        "accuracy": 0.6533333333333333,
        "f1_score": 0.6525515385445185,
        "precision": 0.6582207415661009,
        "recall": 0.6533333333333333
    },
    "audio": {
        "accuracy": 0.8911111111111111,
        "f1_score": 0.890834285070998,
        "precision": 0.8924066116007979,
        "recall": 0.8911111111111111
    },
    "image": {
        "accuracy": 0.41555555555555557,
        "f1_score": 0.4120093196032369,
        "precision": 0.4195419090253376,
        "recall": 0.41555555555555557
    },
    "total_time": 744.0450201034546
}