{
    "overall": {
        "accuracy": 0.66,
        "f1_score": 0.6586507399594932,
        "precision": 0.6650060125275166,
        "recall": 0.66
    },
    "audio": {
        "accuracy": 0.8933333333333333,
        "f1_score": 0.8931061417211069,
        "precision": 0.894513317340856,
        "recall": 0.8933333333333333
    },
    "image": {
        "accuracy": 0.4311111111111111,
        "f1_score": 0.42656658681269294,
        "precision": 0.43521377973732106,
        "recall": 0.4311111111111111
    },
    "total_time": 447.50839161872864
}