{
    "overall": {
        "accuracy": 0.6255555555555555,
        "f1_score": 0.6207761311546651,
        "precision": 0.6392717300552153,
        "recall": 0.6255555555555555
    },
    "audio": {
        "accuracy": 0.84,
        "f1_score": 0.84005541475163,
        "precision": 0.8418666008293383,
        "recall": 0.84
    },
    "image": {
        "accuracy": 0.4577777777777778,
        "f1_score": 0.45886909216442223,
        "precision": 0.5057973577929138,
        "recall": 0.4577777777777778
    }
}